{
  "experiment": "R3_book_encoder_bias",
  "param_counts": {
    "cnn": 12128,
    "attention": 11905,
    "mlp": 11989
  },
  "model_comparison": {
    "cnn": {
      "fold_r2": [
        0.16289114952087402,
        0.10850834846496582,
        0.048611998558044434,
        0.17955535650253296,
        0.1588919758796692
      ],
      "mean_r2": 0.1316917657852173,
      "std_r2": 0.047841184877024004
    },
    "attention": {
      "fold_r2": [
        0.15483462810516357,
        0.04808962345123291,
        -0.008066296577453613,
        0.10769021511077881,
        0.12227970361709595
      ],
      "mean_r2": 0.08496557474136353,
      "std_r2": 0.0579744822767062
    },
    "mlp": {
      "fold_r2": [
        0.08717364072799683,
        0.0643036961555481,
        -0.0018771886825561523,
        0.19057977199554443,
        0.16018909215927124
      ],
      "mean_r2": 0.10007380247116089,
      "std_r2": 0.06876786727809638
    }
  },
  "pairwise_tests": [
    {
      "pair": "cnn_vs_attention",
      "test": "paired_t",
      "shapiro_p": 0.5405700158227824,
      "raw_p": 0.014077803266462735,
      "cohens_d": 1.8630466006545658,
      "ci_lo": 0.015584603297392141,
      "ci_hi": 0.07786777879031538,
      "mean_diff": 0.04672619104385376,
      "corrected_p": 0.04223340979938821
    },
    {
      "pair": "cnn_vs_mlp",
      "test": "paired_t",
      "shapiro_p": 0.5167786534728939,
      "raw_p": 0.12564510692886638,
      "cohens_d": 0.8636489101847918,
      "ci_lo": -0.013839034639103562,
      "ci_hi": 0.07707496126721636,
      "mean_diff": 0.0316179633140564,
      "corrected_p": 0.25129021385773276
    },
    {
      "pair": "attention_vs_mlp",
      "test": "paired_t",
      "shapiro_p": 0.8304639476145315,
      "raw_p": 0.5714481207212508,
      "cohens_d": -0.27531328652307696,
      "ci_lo": -0.08324639383620844,
      "ci_hi": 0.05302993837661371,
      "mean_diff": -0.015108227729797363,
      "corrected_p": 0.5714481207212508
    }
  ],
  "sufficiency_test": {
    "cnn_16d": {
      "fold_r2": [
        0.14780205488204956,
        0.10629838705062866,
        0.024636387825012207,
        0.15239638090133667,
        0.12410825490951538
      ],
      "mean_r2": 0.1110482931137085,
      "std_r2": 0.04630474047687993
    },
    "raw_40d": {
      "fold_r2": [
        0.11733484268188477,
        0.029225587844848633,
        -0.07611668109893799,
        0.004592180252075195,
        0.05857241153717041
      ],
      "mean_r2": 0.026721668243408204,
      "std_r2": 0.06371330658154603
    },
    "paired_t_stat": 4.324220983843837,
    "paired_t_p": 0.012406057377662932,
    "cohens_d": 1.9338504138768193,
    "ci_95": [
      0.03018317435430063,
      0.13847007538629996
    ],
    "retention_ratio": 4.155739533256958
  },
  "decisions": {
    "rule1": "No clear pattern at corrected p<0.05. Best mean R\u00b2: cnn. Recommend simplest adequate model.",
    "rule1_code": "inconclusive_best_cnn",
    "rule2": "R\u00b2(CNN-16d)/R\u00b2(Raw-40d) = 4.156 \u2265 0.9 \u2192 CNN embedding is sufficient statistic. Use 16-dim embedding.",
    "rule2_code": "sufficient"
  }
}