pair,test,shapiro_p,raw_p,cohens_d,ci_lo,ci_hi,mean_diff,corrected_p
cnn_vs_attention,paired_t,0.5405700158227824,0.014077803266462735,1.8630466006545658,0.015584603297392141,0.07786777879031538,0.04672619104385376,0.04223340979938821
cnn_vs_mlp,paired_t,0.5167786534728939,0.12564510692886638,0.8636489101847918,-0.013839034639103562,0.07707496126721636,0.0316179633140564,0.25129021385773276
attention_vs_mlp,paired_t,0.8304639476145315,0.5714481207212508,-0.27531328652307696,-0.08324639383620844,0.05302993837661371,-0.015108227729797363,0.5714481207212508
