representation,fold,r2
cnn_16d,1,0.14780205488204956
cnn_16d,2,0.10629838705062866
cnn_16d,3,0.024636387825012207
cnn_16d,4,0.15239638090133667
cnn_16d,5,0.12410825490951538
cnn_16d,mean,0.1110482931137085
cnn_16d,std,0.04630474047687993
raw_40d,1,0.11733484268188477
raw_40d,2,0.029225587844848633
raw_40d,3,-0.07611668109893799
raw_40d,4,0.004592180252075195
raw_40d,5,0.05857241153717041
raw_40d,mean,0.026721668243408204
raw_40d,std,0.06371330658154603
