{
  "train_r2": -0.0008184795837054004,
  "test_r2": -0.0019879448281412415,
  "epochs_trained": 12,
  "best_val_loss": 0.8096691966056824
}