{
  "train_r2": -0.0014694179463934365,
  "test_r2": -0.0020504634046949466,
  "epochs_trained": 13,
  "best_val_loss": 0.8226599097251892
}