{
  "accuracy": 0.34290856731461483,
  "f1_macro": 0.3375852751411709,
  "class_report": {
    "-1": {
      "precision": 0.3553954423592493,
      "recall": 0.44344553627430483,
      "f1-score": 0.3945679471677053,
      "support": 4783.0
    },
    "0": {
      "precision": 0.358695652173913,
      "recall": 0.30281402936378465,
      "f1-score": 0.32839451570101724,
      "support": 4904.0
    },
    "1": {
      "precision": 0.3059227921734532,
      "recall": 0.2752795622174637,
      "f1-score": 0.2897933625547902,
      "support": 4203.0
    },
    "accuracy": 0.34290856731461483,
    "macro avg": {
      "precision": 0.3400046289022052,
      "recall": 0.3405130426185177,
      "f1-score": 0.3375852751411709,
      "support": 13890.0
    },
    "weighted avg": {
      "precision": 0.34159059572139544,
      "recall": 0.34290856731461483,
      "f1-score": 0.3395008422691653,
      "support": 13890.0
    }
  }
}