{
  "0": {
    "test_acc": 0.43051677816994155,
    "test_f1": 0.3898706277047817,
    "test_groups": [
      0,
      1
    ]
  },
  "1": {
    "test_acc": 0.43605857872833587,
    "test_f1": 0.41080209681457,
    "test_groups": [
      0,
      2
    ]
  },
  "2": {
    "test_acc": 0.4377495654006216,
    "test_f1": 0.41878110879118097,
    "test_groups": [
      0,
      3
    ]
  },
  "3": {
    "test_acc": 0.4491070958225781,
    "test_f1": 0.40940584234258043,
    "test_groups": [
      0,
      4
    ]
  },
  "4": {
    "test_acc": 0.4378496549544329,
    "test_f1": 0.41601102460313677,
    "test_groups": [
      0,
      5
    ]
  },
  "5": {
    "test_acc": 0.4424537744297529,
    "test_f1": 0.4223635079852747,
    "test_groups": [
      0,
      6
    ]
  },
  "6": {
    "test_acc": 0.45940578412263605,
    "test_f1": 0.42972423636779306,
    "test_groups": [
      0,
      7
    ]
  },
  "7": {
    "test_acc": 0.4433756518990676,
    "test_f1": 0.4268999819961006,
    "test_groups": [
      0,
      8
    ]
  },
  "8": {
    "test_acc": 0.4324237475636096,
    "test_f1": 0.4141401019847711,
    "test_groups": [
      0,
      9
    ]
  },
  "9": {
    "test_acc": 0.43549676025917927,
    "test_f1": 0.4060396184438164,
    "test_groups": [
      1,
      2
    ]
  },
  "10": {
    "test_acc": 0.43861231101511877,
    "test_f1": 0.4187240483538046,
    "test_groups": [
      1,
      3
    ]
  },
  "11": {
    "test_acc": 0.4499352051835853,
    "test_f1": 0.40522654271543773,
    "test_groups": [
      1,
      4
    ]
  },
  "12": {
    "test_acc": 0.43630129589632827,
    "test_f1": 0.4132063074461782,
    "test_groups": [
      1,
      5
    ]
  },
  "13": {
    "test_acc": 0.442402807775378,
    "test_f1": 0.4203049603020937,
    "test_groups": [
      1,
      6
    ]
  },
  "14": {
    "test_acc": 0.4594438444924406,
    "test_f1": 0.4297795302105632,
    "test_groups": [
      1,
      7
    ]
  },
  "15": {
    "test_acc": 0.44113930885529157,
    "test_f1": 0.42300263947729605,
    "test_groups": [
      1,
      8
    ]
  },
  "16": {
    "test_acc": 0.43138228941684664,
    "test_f1": 0.4094654053748583,
    "test_groups": [
      1,
      9
    ]
  },
  "17": {
    "test_acc": 0.4455939524838013,
    "test_f1": 0.4233479856129405,
    "test_groups": [
      2,
      3
    ]
  },
  "18": {
    "test_acc": 0.45765658747300214,
    "test_f1": 0.4257328260725119,
    "test_groups": [
      2,
      4
    ]
  },
  "19": {
    "test_acc": 0.4391522678185745,
    "test_f1": 0.4212646294795654,
    "test_groups": [
      2,
      5
    ]
  },
  "20": {
    "test_acc": 0.4477051835853132,
    "test_f1": 0.4243476887010766,
    "test_groups": [
      2,
      6
    ]
  },
  "21": {
    "test_acc": 0.46538336933045354,
    "test_f1": 0.42440965505191525,
    "test_groups": [
      2,
      7
    ]
  },
  "22": {
    "test_acc": 0.4482883369330454,
    "test_f1": 0.43104306275400245,
    "test_groups": [
      2,
      8
    ]
  },
  "23": {
    "test_acc": 0.43681425485961123,
    "test_f1": 0.42410805488216824,
    "test_groups": [
      2,
      9
    ]
  },
  "24": {
    "test_acc": 0.4600755939524838,
    "test_f1": 0.43724000022290266,
    "test_groups": [
      3,
      4
    ]
  },
  "25": {
    "test_acc": 0.44437904967602593,
    "test_f1": 0.4309809995002878,
    "test_groups": [
      3,
      5
    ]
  },
  "26": {
    "test_acc": 0.45007019438444923,
    "test_f1": 0.4242598220133266,
    "test_groups": [
      3,
      6
    ]
  },
  "27": {
    "test_acc": 0.46732181425485964,
    "test_f1": 0.41899791491811045,
    "test_groups": [
      3,
      7
    ]
  },
  "28": {
    "test_acc": 0.44909287257019437,
    "test_f1": 0.43016306004382954,
    "test_groups": [
      3,
      8
    ]
  },
  "29": {
    "test_acc": 0.43923326133909285,
    "test_f1": 0.42717763124944774,
    "test_groups": [
      3,
      9
    ]
  },
  "30": {
    "test_acc": 0.4577159827213823,
    "test_f1": 0.4353562820992489,
    "test_groups": [
      4,
      5
    ]
  },
  "31": {
    "test_acc": 0.46273218142548594,
    "test_f1": 0.43602458886257806,
    "test_groups": [
      4,
      6
    ]
  },
  "32": {
    "test_acc": 0.4792548596112311,
    "test_f1": 0.4413961024835891,
    "test_groups": [
      4,
      7
    ]
  },
  "33": {
    "test_acc": 0.46234341252699784,
    "test_f1": 0.44050375146304915,
    "test_groups": [
      4,
      8
    ]
  },
  "34": {
    "test_acc": 0.451366090712743,
    "test_f1": 0.4272611736406519,
    "test_groups": [
      4,
      9
    ]
  },
  "35": {
    "test_acc": 0.44879589632829375,
    "test_f1": 0.42904602014495863,
    "test_groups": [
      5,
      6
    ]
  },
  "36": {
    "test_acc": 0.4656209503239741,
    "test_f1": 0.4299751854311143,
    "test_groups": [
      5,
      7
    ]
  },
  "37": {
    "test_acc": 0.448585313174946,
    "test_f1": 0.4354193916031473,
    "test_groups": [
      5,
      8
    ]
  },
  "38": {
    "test_acc": 0.43823974082073436,
    "test_f1": 0.4273198585887233,
    "test_groups": [
      5,
      9
    ]
  },
  "39": {
    "test_acc": 0.4687904967602592,
    "test_f1": 0.41352545721723305,
    "test_groups": [
      6,
      7
    ]
  },
  "40": {
    "test_acc": 0.452597192224622,
    "test_f1": 0.42746291617649823,
    "test_groups": [
      6,
      8
    ]
  },
  "41": {
    "test_acc": 0.4428077753779698,
    "test_f1": 0.4247040103793118,
    "test_groups": [
      6,
      9
    ]
  },
  "42": {
    "test_acc": 0.47043196544276455,
    "test_f1": 0.4258280701175436,
    "test_groups": [
      7,
      8
    ]
  },
  "43": {
    "test_acc": 0.45876889848812097,
    "test_f1": 0.42439369225282714,
    "test_groups": [
      7,
      9
    ]
  },
  "44": {
    "test_acc": 0.4424136069114471,
    "test_f1": 0.4277837606524369,
    "test_groups": [
      8,
      9
    ]
  }
}