{
  "train_r2": 0.003931162305491065,
  "test_r2": 0.0011015625692436526,
  "epochs_trained": 26,
  "best_val_loss": 0.6177965402603149
}