{
  "train_r2": 0.0014876777113557171,
  "test_r2": -0.002169724647704152,
  "epochs_trained": 22,
  "best_val_loss": 0.6052547097206116
}