{
  "accuracy": 0.4037437005039597,
  "f1_macro": 0.38209122787715105,
  "class_report": {
    "-1": {
      "precision": 0.39532064492665775,
      "recall": 0.6486970360055699,
      "f1-score": 0.4912624284423019,
      "support": 5027.0
    },
    "0": {
      "precision": 0.4698259903739356,
      "recall": 0.31709145427286356,
      "f1-score": 0.3786364314486051,
      "support": 4002.0
    },
    "1": {
      "precision": 0.36666666666666664,
      "recall": 0.22176506891586092,
      "f1-score": 0.27637482374054606,
      "support": 4861.0
    },
    "accuracy": 0.4037437005039597,
    "macro avg": {
      "precision": 0.41060443398908664,
      "recall": 0.3958511863980982,
      "f1-score": 0.38209122787715105,
      "support": 13890.0
    },
    "weighted avg": {
      "precision": 0.40675933493084704,
      "recall": 0.4037437005039597,
      "f1-score": 0.3836095928466209,
      "support": 13890.0
    }
  }
}