{
  "uniform": {
    "0": {
      "test_acc": 0.38173102249381025,
      "test_f1": 0.2626857805090243,
      "train_acc": 0.41529459859982626,
      "val_acc": 0.3969832090852087,
      "epochs": 42,
      "best_epoch": 27,
      "elapsed_s": 284.8,
      "test_groups": [
        0,
        1
      ],
      "nan_count": 0
    },
    "1": {
      "test_acc": 0.3797186956750777,
      "test_f1": 0.2475776743373189,
      "train_acc": 0.4014578674571394,
      "val_acc": 0.3895979934508465,
      "epochs": 16,
      "best_epoch": 1,
      "elapsed_s": 107.7,
      "test_groups": [
        0,
        2
      ],
      "nan_count": 0
    },
    "2": {
      "test_acc": 0.3827845967444556,
      "test_f1": 0.36792217659176396,
      "train_acc": 0.4135177769688145,
      "val_acc": 0.3886016860586637,
      "epochs": 29,
      "best_epoch": 14,
      "elapsed_s": 195.0,
      "test_groups": [
        0,
        3
      ],
      "nan_count": 0
    },
    "3": {
      "test_acc": 0.3994047305483854,
      "test_f1": 0.313845209832532,
      "train_acc": 0.4047428363409434,
      "val_acc": 0.3889709468403818,
      "epochs": 20,
      "best_epoch": 5,
      "elapsed_s": 135.5,
      "test_groups": [
        0,
        4
      ],
      "nan_count": 0
    },
    "4": {
      "test_acc": 0.3947848074593057,
      "test_f1": 0.3392636678182321,
      "train_acc": 0.41127983774507254,
      "val_acc": 0.39724099491395526,
      "epochs": 32,
      "best_epoch": 17,
      "elapsed_s": 215.8,
      "test_groups": [
        0,
        5
      ],
      "nan_count": 0
    },
    "5": {
      "test_acc": 0.37835958489174526,
      "test_f1": 0.26665303702387494,
      "train_acc": 0.39907604832977966,
      "val_acc": 0.39225249076848046,
      "epochs": 16,
      "best_epoch": 1,
      "elapsed_s": 108.5,
      "test_groups": [
        0,
        6
      ],
      "nan_count": 0
    },
    "6": {
      "test_acc": 0.38371174208502346,
      "test_f1": 0.3326491007625285,
      "train_acc": 0.41010279612391004,
      "val_acc": 0.4002577858287466,
      "epochs": 36,
      "best_epoch": 21,
      "elapsed_s": 243.5,
      "test_groups": [
        0,
        7
      ],
      "nan_count": 0
    },
    "7": {
      "test_acc": 0.3827793288732023,
      "test_f1": 0.3692197862411935,
      "train_acc": 0.40334365968051783,
      "val_acc": 0.4079388456413493,
      "epochs": 25,
      "best_epoch": 10,
      "elapsed_s": 169.4,
      "test_groups": [
        0,
        8
      ],
      "nan_count": 0
    },
    "8": {
      "test_acc": 0.38642469578043515,
      "test_f1": 0.3691646939219832,
      "train_acc": 0.40718700638692396,
      "val_acc": 0.4091919474346428,
      "epochs": 35,
      "best_epoch": 20,
      "elapsed_s": 239.4,
      "test_groups": [
        0,
        9
      ],
      "nan_count": 0
    },
    "9": {
      "test_acc": 0.39526997840172784,
      "test_f1": 0.339080289315284,
      "train_acc": 0.41015683600409136,
      "val_acc": 0.3972549292830767,
      "epochs": 31,
      "best_epoch": 16,
      "elapsed_s": 214.1,
      "test_groups": [
        1,
        2
      ],
      "nan_count": 0
    },
    "10": {
      "test_acc": 0.3950647948164147,
      "test_f1": 0.35578109658091933,
      "train_acc": 0.41479528105482305,
      "val_acc": 0.39794468055458787,
      "epochs": 42,
      "best_epoch": 27,
      "elapsed_s": 286.4,
      "test_groups": [
        1,
        3
      ],
      "nan_count": 0
    },
    "11": {
      "test_acc": 0.40024298056155505,
      "test_f1": 0.3397133338360659,
      "train_acc": 0.4017383761276891,
      "val_acc": 0.3821152372326343,
      "epochs": 18,
      "best_epoch": 3,
      "elapsed_s": 123.2,
      "test_groups": [
        1,
        4
      ],
      "nan_count": 0
    },
    "12": {
      "test_acc": 0.3984989200863931,
      "test_f1": 0.36634149393776383,
      "train_acc": 0.41316620402498266,
      "val_acc": 0.3932836340834669,
      "epochs": 42,
      "best_epoch": 27,
      "elapsed_s": 287.3,
      "test_groups": [
        1,
        5
      ],
      "nan_count": 0
    },
    "13": {
      "test_acc": 0.3903455723542117,
      "test_f1": 0.2973778815559868,
      "train_acc": 0.40106870229007635,
      "val_acc": 0.3864279244757194,
      "epochs": 17,
      "best_epoch": 2,
      "elapsed_s": 116.7,
      "test_groups": [
        1,
        6
      ],
      "nan_count": 0
    },
    "14": {
      "test_acc": 0.39178725701943845,
      "test_f1": 0.3258405308639831,
      "train_acc": 0.40450728660652324,
      "val_acc": 0.3959172298474187,
      "epochs": 23,
      "best_epoch": 8,
      "elapsed_s": 157.9,
      "test_groups": [
        1,
        7
      ],
      "nan_count": 0
    },
    "15": {
      "test_acc": 0.37946544276457883,
      "test_f1": 0.3530006103314194,
      "train_acc": 0.4025028579346659,
      "val_acc": 0.4129532225261239,
      "epochs": 36,
      "best_epoch": 21,
      "elapsed_s": 247.9,
      "test_groups": [
        1,
        8
      ],
      "nan_count": 0
    },
    "16": {
      "test_acc": 0.3646382289416847,
      "test_f1": 0.3315276623146426,
      "train_acc": 0.39628331357286456,
      "val_acc": 0.4175380959038166,
      "epochs": 32,
      "best_epoch": 17,
      "elapsed_s": 222.6,
      "test_groups": [
        1,
        9
      ],
      "nan_count": 0
    },
    "17": {
      "test_acc": 0.3906479481641469,
      "test_f1": 0.37358621466478437,
      "train_acc": 0.40560688714626664,
      "val_acc": 0.39995122970807495,
      "epochs": 24,
      "best_epoch": 9,
      "elapsed_s": 168.6,
      "test_groups": [
        2,
        3
      ],
      "nan_count": 0
    },
    "18": {
      "test_acc": 0.40707883369330455,
      "test_f1": 0.38670189408575206,
      "train_acc": 0.4054077029840389,
      "val_acc": 0.3946073991500035,
      "epochs": 25,
      "best_epoch": 10,
      "elapsed_s": 173.4,
      "test_groups": [
        2,
        4
      ],
      "nan_count": 0
    },
    "19": {
      "test_acc": 0.39604211663066957,
      "test_f1": 0.33735538161145295,
      "train_acc": 0.4021616932685635,
      "val_acc": 0.3923151954295269,
      "epochs": 20,
      "best_epoch": 5,
      "elapsed_s": 138.7,
      "test_groups": [
        2,
        5
      ],
      "nan_count": 0
    },
    "20": {
      "test_acc": 0.39379589632829376,
      "test_f1": 0.36873711700607514,
      "train_acc": 0.4107702984038862,
      "val_acc": 0.3882045565387027,
      "epochs": 33,
      "best_epoch": 18,
      "elapsed_s": 228.9,
      "test_groups": [
        2,
        6
      ],
      "nan_count": 0
    },
    "21": {
      "test_acc": 0.38765658747300213,
      "test_f1": 0.3235539352750703,
      "train_acc": 0.40344031922276197,
      "val_acc": 0.39520657702222534,
      "epochs": 24,
      "best_epoch": 9,
      "elapsed_s": 167.0,
      "test_groups": [
        2,
        7
      ],
      "nan_count": 0
    },
    "22": {
      "test_acc": 0.3933153347732181,
      "test_f1": 0.37124300814203565,
      "train_acc": 0.3996258703710119,
      "val_acc": 0.4096149800126236,
      "epochs": 21,
      "best_epoch": 6,
      "elapsed_s": 146.5,
      "test_groups": [
        2,
        8
      ],
      "nan_count": 0
    },
    "23": {
      "test_acc": 0.3987634989200864,
      "test_f1": 0.35973750339365157,
      "train_acc": 0.40696771311235974,
      "val_acc": 0.4056899203131553,
      "epochs": 36,
      "best_epoch": 21,
      "elapsed_s": 253.1,
      "test_groups": [
        2,
        9
      ],
      "nan_count": 0
    },
    "24": {
      "test_acc": 0.39542116630669544,
      "test_f1": 0.38975971217203,
      "train_acc": 0.4080122741220593,
      "val_acc": 0.39055946492022575,
      "epochs": 28,
      "best_epoch": 13,
      "elapsed_s": 198.9,
      "test_groups": [
        3,
        4
      ],
      "nan_count": 0
    },
    "25": {
      "test_acc": 0.39342872570194387,
      "test_f1": 0.37240048915685664,