{
  "experiment": "oracle_expectancy",
  "bar_type": "time_5s",
  "n_days": 19,
  "days_used": [20220103, 20220121, 20220211, 20220304, 20220331, 20220401, 20220422, 20220513, 20220603, 20220630, 20220701, 20220722, 20220812, 20220902, 20220930, 20221003, 20221024, 20221114, 20221205],
  "fth_expectancy": 0.979295,
  "fth_net_pnl": 4504.76,
  "fth_total_trades": 4600,
  "fth_win_rate": 0.341304,
  "fth_profit_factor": 1.9642,
  "fth_sharpe": 0.0771007,
  "tb_expectancy": 2.99418,
  "tb_net_pnl": 11946.8,
  "tb_total_trades": 3990,
  "tb_win_rate": 0.418045,
  "tb_profit_factor": 2.72621,
  "tb_sharpe": 0.226528,
  "verdict": "CONDITIONAL_GO"
}
