{
  "experiment": "oracle_expectancy",
  "bar_type": "time_5s",
  "n_days": 19,
  "days_used": [20220103, 20220121, 20220211, 20220304, 20220331, 20220401, 20220422, 20220513, 20220603, 20220630, 20220701, 20220722, 20220812, 20220902, 20220930, 20221003, 20221024, 20221114, 20221205],
  "fth_expectancy": 2.79574,
  "fth_net_pnl": 9172.82,
  "fth_total_trades": 3281,
  "fth_win_rate": 0.334349,
  "fth_profit_factor": 2.43179,
  "fth_sharpe": 0.179733,
  "tb_expectancy": 3.22344,
  "tb_net_pnl": 11823.6,
  "tb_total_trades": 3668,
  "tb_win_rate": 0.345692,
  "tb_profit_factor": 2.60129,
  "tb_sharpe": 0.206362,
  "verdict": "CONDITIONAL_GO"
}
