{
  "experiment": "xgb-hyperparam-tuning",
  "timestamp": "2026-02-25T05:16:05",
  "baseline": {
    "cpcv_mean_accuracy": 0.44893836005314697,
    "cpcv_mean_expectancy_base": -0.06602182853194909,
    "cpcv_accuracy_std": 0.011638906398438967,
    "holdout_accuracy": 0.40297141861275704,
    "holdout_expectancy_base": -0.20456656154037733,
    "profit_factor": 0.985960283608164,
    "per_class_recall": {
      "-1": 0.5862790397737153,
      "0": 0.5470364633114707,
      "1": 0.20071046907290585
    },
    "per_quarter_expectancy": {
      "Q1": 0.1196388558006077,
      "Q2": -0.021655842829670122,
      "Q3": -0.2681770986477622,
      "Q4": -0.27751178323804143
    },
    "top_10_importance": [
      [
        "volatility_50",
        4078.835563659668
      ],
      [
        "volatility_20",
        1190.5622272491455
      ],
      [
        "message_rate",
        488.12882804870605
      ],
      [
        "spread",
        371.7235174179077
      ],
      [
        "high_low_range_50",
        371.3544864654541
      ],
      [
        "time_sin",
        303.8670687675476
      ],
      [
        "time_cos",
        288.8802194595337
      ],
      [
        "minutes_since_open",
        255.356538772583
      ],
      [
        "weighted_imbalance",
        228.6453914642334
      ],
      [
        "avg_trade_size",
        207.687509059906
      ]
    ],
    "pbo": 0.7333333333333333
  },
  "treatment": {
    "best_config": {
      "max_depth": "6",
      "learning_rate": 0.0134137354910996,
      "min_child_weight": "20",
      "subsample": 0.5610191174223894,
      "colsample_bytree": 0.7475884550556351,
      "reg_alpha": 0.0013726318898045872,
      "reg_lambda": 6.586289317583112
    },
    "search_best_cv_accuracy": 0.45090267607859663,
    "cpcv_mean_accuracy": 0.45036233296458233,
    "cpcv_mean_expectancy_base": -0.0010859883312321827,
    "cpcv_accuracy_std": 0.01165431100837166,
    "cpcv_expectancy_std": 0.12236010603036807,
    "holdout_accuracy": 0.42263855001742767,
    "holdout_expectancy_base": -0.13227861771058366,
    "profit_factor": 0.9997673500305599,
    "per_class_recall": {
      "-1": 0.6341603600899612,
      "0": 0.5515419179767751,
      "1": 0.14859363851578916
    },
    "per_quarter_expectancy": {
      "Q1": 0.13712453551382756,
      "Q2": 0.05847189974197113,
      "Q3": -0.21903668856386316,
      "Q4": -0.17985220160528015
    },
    "top_10_importance": [
      [
        "volatility_50",
        8534.802169799805
      ],
      [
        "volatility_20",
        3521.0892601013184
      ],
      [
        "high_low_range_50",
        1360.8711013793945
      ],
      [
        "message_rate",
        1210.3264741897583
      ],
      [
        "time_sin",
        505.74481678009033
      ],
      [
        "time_cos",
        480.27581310272217
      ],
      [
        "spread",
        449.18866539001465
      ],
      [
        "minutes_since_open",
        444.0384612083435
      ],
      [
        "trade_count",
        330.8971061706543
      ],
      [
        "weighted_imbalance",
        329.6254692077637
      ]
    ],
    "best_n_estimators_mean": 384.46666666666664,
    "pbo": 0.5555555555555556,
    "walkforward_accuracy": 0.45240126504165384,
    "walkforward_expectancy": -0.1395141988538686,
    "long_recall_vs_short": {
      "tuned_long": 0.14859363851578916,
      "tuned_short": 0.6341603600899612,
      "default_long": 0.20071046907290585,
      "default_short": 0.5862790397737153
    },
    "cost_sensitivity": {
      "tuned": {
        "optimistic": {
          "expectancy": 1.248914011668768,
          "profit_factor": 1.3058189793726553,
          "n_trades": 4252891,
          "gross_profit": 22679596.94,
          "gross_loss": 17368101.78
        },
        "base": {
          "expectancy": -0.0010859883312321827,
          "profit_factor": 0.9997673500305599,
          "n_trades": 4252891,
          "gross_profit": 19847479.44,
          "gross_loss": 19852098.03
        },
        "pessimistic": {
          "expectancy": -2.5110859883312315,
          "profit_factor": 0.5700728211646857,
          "n_trades": 4252891,
          "gross_profit": 14160587.5,
          "gross_loss": 24839962.5
        }
      },
      "default": {
        "optimistic": {
          "expectancy": 1.1839781714680508,
          "profit_factor": 1.2877852544432782,
          "n_trades": 4281369,
          "gross_profit": 22683040.380000003,
          "gross_loss": 17613992.939999998
        },
        "base": {
          "expectancy": -0.06602182853194909,
          "profit_factor": 0.985960283608164,
          "n_trades": 4281369,
          "gross_profit": 19850492.880000003,
          "gross_loss": 20133156.689999998
        },
        "pessimistic": {
          "expectancy": -2.5760218285319487,
          "profit_factor": 0.5621999562354769,
          "n_trades": 4281369,
          "gross_profit": 14162737.5,
          "gross_loss": 25191637.5
        }
      }
    },
    "breakeven_rt_cost": 3.738914011668768,
    "label0_trade_fraction": 0.22356951385223636
  },
  "search_landscape": {
    "total_configs": 64,
    "configs_above_default": 50,
    "accuracy_distribution": {
      "min": 0.4476406785018174,
      "max": 0.45090267607859663,
      "mean": 0.45016516546054364,
      "std": 0.0005993528202303556,
      "p25": 0.4500072103987779,
      "p50": 0.45028247642627617,
      "p75": 0.45054648237897066,
      "n_above_default": 50,
      "default_acc": 0.4499727914449771
    },
    "all_configs_accuracy": [
      {
        "config_idx": 54,
        "mean_acc": 0.45090267607859663
      },
      {
        "config_idx": 3,
        "mean_acc": 0.4507631038297424
      },
      {
        "config_idx": 59,
        "mean_acc": 0.45075175156719177
      },
      {
        "config_idx": 50,
        "mean_acc": 0.45070015276826636
      },
      {
        "config_idx": 53,
        "mean_acc": 0.4506829531686246
      },
      {
        "config_idx": 63,
        "mean_acc": 0.4506742085023442
      },
      {
        "config_idx": 51,
        "mean_acc": 0.4506658589264078
      },
      {
        "config_idx": 7,
        "mean_acc": 0.45065811515566556
      },
      {
        "config_idx": 60,
        "mean_acc": 0.4506521624611494
      },
      {
        "config_idx": 5,
        "mean_acc": 0.45064989727651056
      },
      {
        "config_idx": 14,
        "mean_acc": 0.4506399146604857
      },
      {
        "config_idx": 48,
        "mean_acc": 0.4506014065216246
      },
      {
        "config_idx": 62,
        "mean_acc": 0.4506000895538113
      },
      {
        "config_idx": 56,
        "mean_acc": 0.45059650740135915
      },
      {
        "config_idx": 57,
        "mean_acc": 0.4505859189801401
      },
      {
        "config_idx": 22,
        "mean_acc": 0.4505531001422326
      },
      {
        "config_idx": 49,
        "mean_acc": 0.45054427645788336
      },
      {
        "config_idx": 8,
        "mean_acc": 0.45053458357477744
      },
      {
        "config_idx": 52,
        "mean_acc": 0.4505319232997945
      },
      {
        "config_idx": 58,
        "mean_acc": 0.45052799873571087
      },
      {
        "config_idx": 42,
        "mean_acc": 0.450524943370384
      },
      {
        "config_idx": 17,
        "mean_acc": 0.45051883263973025
      },
      {
        "config_idx": 32,
        "mean_acc": 0.45049317810672707
      },
      {
        "config_idx": 55,
        "mean_acc": 0.4504847495127219
      },
      {
        "config_idx": 16,
        "mean_acc": 0.4504605436443133
      },
      {
        "config_idx": 26,
        "mean_acc": 0.4504504556708634
      },
      {
        "config_idx": 39,
        "mean_acc": 0.45044002528578203
      },
      {
        "config_idx": 37,
        "mean_acc": 0.45040765421693096
      },
      {
        "config_idx": 61,
        "mean_acc": 0.45034941790022653
      },
      {
        "config_idx": 40,