{
  "experiment": "R1_subordination_hypothesis_test",
  "n_days": 19,
  "n_configs": 12,
  "days_used": [20220103, 20220121, 20220211, 20220304, 20220331, 20220401, 20220422, 20220513, 20220603, 20220630, 20220701, 20220722, 20220812, 20220902, 20220930, 20221003, 20221024, 20221114, 20221205],

  "bar_type_comparison": [
    {
      "config": "vol_50",
      "total_returns": 226364,
      "median_daily_bars": 11730,
      "jb_stat": 880822.69,
      "jb_p": 0,
      "arch_lm_stat": 4506.0557,
      "arch_lm_p": 0,
      "acf_abs_return_lag1": 0.22575584,
      "acf_abs_return_lag5": 0.19253431,
      "acf_abs_return_lag10": 0.18380122,
      "ljung_box_lag1_stat": 180.58385,
      "ljung_box_lag1_p": 0,
      "ljung_box_lag5_stat": 201.24611,
      "ljung_box_lag5_p": 0,
      "ljung_box_lag10_stat": 213.58063,
      "ljung_box_lag10_p": 0,
      "ar_r2": 0.0011938214,
      "bar_count_cv": 0.091676638,
      "ks_stat": 0.18677557,
      "mean_rank": 7.7142859,
      "jb_rank": 8,
      "arch_rank": 8,
      "acf1_rank": 9,
      "ar_rank": 6,
      "cv_rank": 10
    },
    {
      "config": "vol_100",
      "total_returns": 116231,
      "median_daily_bars": 6046,
      "jb_stat": 297025.12,
      "jb_p": 0,
      "arch_lm_stat": 4569.3506,
      "arch_lm_p": 0,
      "acf_abs_return_lag1": 0.23468442,
      "acf_abs_return_lag5": 0.20284845,
      "acf_abs_return_lag10": 0.20362815,
      "ljung_box_lag1_stat": 27.061731,
      "ljung_box_lag1_p": 9.5367432e-07,
      "ljung_box_lag5_stat": 51.52211,
      "ljung_box_lag5_p": 0,
      "ljung_box_lag10_stat": 59.047997,
      "ljung_box_lag10_p": 0,
      "ar_r2": 0.00046950579,
      "bar_count_cv": 0.097778477,
      "ks_stat": 0.13810009,
      "mean_rank": 9.2857141,
      "jb_rank": 6,
      "arch_rank": 9,
      "acf1_rank": 11,
      "ar_rank": 9,
      "cv_rank": 11
    },
    {
      "config": "vol_200",
      "total_returns": 58821,
      "median_daily_bars": 3073,
      "jb_stat": 147882.86,
      "jb_p": 0,
      "arch_lm_stat": 1470.9351,
      "arch_lm_p": 0,
      "acf_abs_return_lag1": 0.24387662,
      "acf_abs_return_lag5": 0.21585977,
      "acf_abs_return_lag10": 0.20693544,
      "ljung_box_lag1_stat": 0.88398314,
      "ljung_box_lag1_p": 0.34711301,
      "ljung_box_lag5_stat": 9.1253119,
      "ljung_box_lag5_p": 0.10416919,
      "ljung_box_lag10_stat": 21.288153,
      "ljung_box_lag10_p": 0.019171298,
      "ar_r2": 0.00031739473,
      "bar_count_cv": 0.10153911,
      "ks_stat": 0.10808925,
      "mean_rank": 9.4285717,
      "jb_rank": 3,
      "arch_rank": 5,
      "acf1_rank": 12,
      "ar_rank": 12,
      "cv_rank": 12
    },
    {
      "config": "tick_25",
      "total_returns": 177441,
      "median_daily_bars": 9360,
      "jb_stat": 658104.38,
      "jb_p": 0,
      "arch_lm_stat": 2037.0618,
      "arch_lm_p": 0,
      "acf_abs_return_lag1": 0.20225263,
      "acf_abs_return_lag5": 0.18447904,
      "acf_abs_return_lag10": 0.17856559,
      "ljung_box_lag1_stat": 92.527008,
      "ljung_box_lag1_p": 3.8146973e-06,
      "ljung_box_lag5_stat": 109.9753,
      "ljung_box_lag5_p": 0,
      "ljung_box_lag10_stat": 131.68346,
      "ljung_box_lag10_p": 0,
      "ar_r2": 0.00077623129,
      "bar_count_cv": 0,
      "ks_stat": 0.16127855,
      "mean_rank": 5.2857141,
      "jb_rank": 7,
      "arch_rank": 6,
      "acf1_rank": 5,
      "ar_rank": 8,
      "cv_rank": 1
    },
    {
      "config": "tick_50",
      "total_returns": 88521,
      "median_daily_bars": 4680,
      "jb_stat": 158647.08,
      "jb_p": 0,
      "arch_lm_stat": 1418.6515,
      "arch_lm_p": 0,
      "acf_abs_return_lag1": 0.2193335,
      "acf_abs_return_lag5": 0.19502886,
      "acf_abs_return_lag10": 0.19278558,
      "ljung_box_lag1_stat": 4.0537429,
      "ljung_box_lag1_p": 0.044073462,
      "ljung_box_lag5_stat": 19.363985,
      "ljung_box_lag5_p": 0.0016437173,
      "ljung_box_lag10_stat": 32.501644,
      "ljung_box_lag10_p": 0.00033086538,
      "ar_r2": 0.00034236908,
      "bar_count_cv": 0,
      "ks_stat": 0.11551434,
      "mean_rank": 6,
      "jb_rank": 4,
      "arch_rank": 4,
      "acf1_rank": 7,
      "ar_rank": 10,
      "cv_rank": 2
    },
    {
      "config": "tick_100",
      "total_returns": 44061,
      "median_daily_bars": 2340,
      "jb_stat": 56944.074,
      "jb_p": 0,
      "arch_lm_stat": 964.99011,
      "arch_lm_p": 0,
      "acf_abs_return_lag1": 0.22158968,
      "acf_abs_return_lag5": 0.20540878,
      "acf_abs_return_lag10": 0.17918955,
      "ljung_box_lag1_stat": 26.963316,
      "ljung_box_lag1_p": 9.5367432e-07,
      "ljung_box_lag5_stat": 38.768402,
      "ljung_box_lag5_p": 0,
      "ljung_box_lag10_stat": 44.072178,
      "ljung_box_lag10_p": 4.7683716e-06,
      "ar_r2": 0.00094056129,
      "bar_count_cv": 0,
      "ks_stat": 0.095262229,
      "mean_rank": 5.4285712,
      "jb_rank": 2,
      "arch_rank": 2,
      "acf1_rank": 8,
      "ar_rank": 7,
      "cv_rank": 3
    },
    {
      "config": "dollar_25k",
      "total_returns": 3125290,
      "median_daily_bars": 165101,
      "jb_stat": 1.0907563e+08,
      "jb_p": 0,
      "arch_lm_stat": 37084.812,
      "arch_lm_p": 0,
      "acf_abs_return_lag1": 0.16717154,
      "acf_abs_return_lag5": 0.10544433,
      "acf_abs_return_lag10": 0.10066337,
      "ljung_box_lag1_stat": 24784.43,
      "ljung_box_lag1_p": 0,
      "ljung_box_lag5_stat": 26177.061,
      "ljung_box_lag5_p": 0,
      "ljung_box_lag10_stat": 26296.459,
      "ljung_box_lag10_p": 0,
      "ar_r2": 0.011307716,
      "bar_count_cv": 0.019051755,
      "ks_stat": 0.38590372,
      "mean_rank": 5,
      "jb_rank": 12,
      "arch_rank": 12,
      "acf1_rank": 1,
      "ar_rank": 1,
      "cv_rank": 7
    },
    {
      "config": "dollar_50k",
      "total_returns": 2358449,
      "median_daily_bars": 124356,
      "jb_stat": 73101560,
      "jb_p": 0,
      "arch_lm_stat": 32495.277,
      "arch_lm_p": 0,
      "acf_abs_return_lag1": 0.17806749,
      "acf_abs_return_lag5": 0.11680661,
      "acf_abs_return_lag10": 0.10968393,
      "ljung_box_lag1_stat": 16403.643,
      "ljung_box_lag1_p": 0,
      "ljung_box_lag5_stat": 16981.617,
      "ljung_box_lag5_p": 0,
      "ljung_box_lag10_stat": 17077.342,
      "ljung_box_lag10_p": 0,
      "ar_r2": 0.0096718669,
      "bar_count_cv": 0.029561937,
      "ks_stat": 0.36804581,
      "mean_rank": 5.4285712,
      "jb_rank": 11,
      "arch_rank": 11,
      "acf1_rank": 2,
      "ar_rank": 2,
      "cv_rank": 8
    },
    {
      "config": "dollar_100k",
      "total_returns": 1572471,
      "median_daily_bars": 81859,
      "jb_stat": 67932680,
      "jb_p": 0,
      "arch_lm_stat": 22159.654,
      "arch_lm_p": 0,
      "acf_abs_return_lag1": 0.18542512,
      "acf_abs_return_lag5": 0.13078721,
      "acf_abs_return_lag10": 0.121273,
      "ljung_box_lag1_stat": 8076.5908,
      "ljung_box_lag1_p": 0,
      "ljung_box_lag5_stat": 8286.7852,
      "ljung_box_lag5_p": 0,
      "ljung_box_lag10_stat": 8318.1523,
      "ljung_box_lag10_p": 0,
      "ar_r2": 0.0071308017,
      "bar_count_cv": 0.056287494,
      "ks_stat": 0.34063411,
      "mean_rank": 5.8571429,
      "jb_rank": 10,
      "arch_rank": 10,
      "acf1_rank": 3,
      "ar_rank": 3,
      "cv_rank": 9
    },
    {
      "config": "time_1s",
      "total_returns": 444220,
      "median_daily_bars": 23401,
      "jb_stat": 3891672.2,
      "jb_p": 0,
      "arch_lm_stat": 2974.3914,
      "arch_lm_p": 0,
      "acf_abs_return_lag1": 0.19446833,
      "acf_abs_return_lag5": 0.16768616,
      "acf_abs_return_lag10": 0.16244386,
      "ljung_box_lag1_stat": 578.33545,
      "ljung_box_lag1_p": 0,
      "ljung_box_lag5_stat": 619.75806,
      "ljung_box_lag5_p": 0,
      "ljung_box_lag10_stat": 659.01514,
      "ljung_box_lag10_p": 0,
      "ar_r2": 0.0021675825,
      "bar_count_cv": 0,
      "ks_stat": 0.23431498,
      "mean_rank": 5.1428571,
      "jb_rank": 9,
      "arch_rank": 7,
      "acf1_rank": 4,