{
  "split_idx": 5,
  "test_groups": [
    0,
    6
  ],
  "n_purged": 1500,
  "n_embargoed": 13800,
  "n_train": 581470,
  "n_val": 143530,
  "n_test": 189830,
  "dir_accuracy": 0.5153645268840512,
  "trade_rate": 0.8921456039614392,
  "hold_fraction": 0.4279564940126125,
  "n_trades": 169356,
  "optimistic_expectancy": 4.149910897753843,
  "base_expectancy": 2.899910897753842,
  "pessimistic_expectancy": 0.39991089775384153,
  "dir_bar_pnl_base": 5.509347123731662,
  "hold_bar_pnl_base": -0.5880862894435482,
  "breakeven_rt": 5.389910897753844,
  "wall_seconds": 3.0409460067749023
}