{
  "split_idx": 6,
  "test_groups": [
    0,
    7
  ],
  "n_purged": 1500,
  "n_embargoed": 13800,
  "n_train": 581470,
  "n_val": 143530,
  "n_test": 189830,
  "dir_accuracy": 0.5104841261470309,
  "trade_rate": 0.8859295158826318,
  "hold_fraction": 0.4362453620017125,
  "n_trades": 168176,
  "optimistic_expectancy": 3.097171326467509,
  "base_expectancy": 1.8471713264675076,
  "pessimistic_expectancy": -0.6528286735324929,
  "dir_bar_pnl_base": 5.350734099778502,
  "hold_bar_pnl_base": -2.680440735490556,
  "breakeven_rt": 4.3371713264675105,
  "wall_seconds": 3.054274797439575
}