{
  "experiment": "pnl-realized-return",
  "timestamp": "2026-02-27T00:20:36",
  "19_7": {
    "geometry": "19:7",
    "target": 19,
    "stop": 7,
    "realized_wf_expectancy": 0.901517613505994,
    "realized_wf_expectancy_std": 1.1589780860331114,
    "inflated_wf_expectancy": 3.77471732462107,
    "conservative_wf_expectancy": 2.099559075776735,
    "hold_bar_mean_pnl_net": -2.677496487511954,
    "hold_bar_mean_pnl_gross": 1.0625035124880478,
    "hold_bar_directional_accuracy": 0.5104187443811505,
    "hold_bar_mean_fwd_return_ticks": 0.8018828194288788,
    "hold_bar_win_rate_gross": 0.5032320767946984,
    "hold_bar_win_rate_net": 0.4835824852310673,
    "hold_bar_fwd_return_distribution": {
      "fwd_return_p10": -63.333333333333336,
      "fwd_return_p25": -29.0,
      "fwd_return_median": 3.3333333333333335,
      "fwd_return_p75": 31.333333333333332,
      "fwd_return_p90": 62.5
    },
    "hold_bar_pnl_distribution": {
      "p10": -80.82333333333332,
      "p25": -39.57333333333333,
      "median": -2.9066666666666667,
      "p75": 36.26,
      "p90": 76.67666666666668
    },
    "pnl_decomposition": {
      "mean_frac_directional": 0.5561094252749254,
      "mean_frac_hold": 0.44389057472507454,
      "mean_dir_mean_pnl": 3.774717324621069,
      "mean_hold_mean_pnl": -2.677496487511954
    },
    "calm_vs_choppy": {
      "calm": {
        "count": 262130,
        "mean_fwd_return_ticks": 0.7915910013525497,
        "mean_pnl_net": -2.677731970902449,
        "directional_accuracy": 0.5102515862457628
      },
      "choppy": {
        "count": 1414,
        "mean_fwd_return_ticks": 2.673586328205991,
        "mean_pnl_net": -2.841989399947432,
        "directional_accuracy": 0.5353481570781149
      }
    },
    "directional_accuracy": 0.5004528407575713,
    "trade_rate": 0.8518110743722463,
    "label0_hit_rate": 0.44389057472507454,
    "breakeven_rt_cost": 4.641517613505996,
    "cost_sensitivity": {
      "optimistic": {
        "inflated_mean": 5.0247173246210695,
        "conservative_mean": 2.794695857370391,
        "realized_mean": 2.151517613505994,
        "realized_per_fold": [
          1.2608261353641839,
          3.7884366083743046,
          1.4052900967794935
        ]
      },
      "base": {
        "inflated_mean": 3.77471732462107,
        "conservative_mean": 2.099559075776735,
        "realized_mean": 0.901517613505994,
        "realized_per_fold": [
          0.010826135364183474,
          2.5384366083743046,
          0.1552900967794935
        ]
      },
      "pessimistic": {
        "inflated_mean": 1.2647173246210717,
        "conservative_mean": 0.7037244183366727,
        "realized_mean": -1.608482386494004,
        "realized_per_fold": [
          -2.499173864635814,
          0.02843660837430644,
          -2.3547099032205043
        ]
      }
    },
    "per_fold": [
      {
        "fold": "Fold 1",
        "n_trades": 196699,
        "n_dir_trades": 109178,
        "n_hold_trades": 87521,
        "trade_rate": 0.849671706263499,
        "directional_accuracy": 0.5076938577369067,
        "label0_hit_rate": 0.44494888128561916,
        "inflated_per_dir_trade": 4.010050376449467,
        "conservative_per_trade": 2.2257829475493005,
        "realized_per_trade": 0.010826135364183474,
        "breakeven_rt": 3.750826135364186,
        "hold_dir_accuracy": 0.48140096618357486,
        "hold_mean_pnl_net": -4.978002879308967,
        "hold_mean_pnl_gross": -1.238002879308966,
        "hold_win_rate_net": 0.4606323053895636,
        "frac_directional": 0.5550511187143808,
        "frac_hold": 0.44494888128561916,
        "dir_mean_pnl": 4.010050376449466,
        "hold_mean_pnl": -4.978002879308967,
        "stage1_accuracy": 0.5952699784017279,
        "stage1_recall": 0.9464768707954782
      },
      {
        "fold": "Fold 2",
        "n_trades": 189962,
        "n_dir_trades": 106713,
        "n_hold_trades": 83249,
        "trade_rate": 0.8044805827298522,
        "directional_accuracy": 0.5015883725506733,
        "label0_hit_rate": 0.43824027963487433,
        "inflated_per_dir_trade": 3.8116221078968806,
        "conservative_per_trade": 2.1412157694696825,
        "realized_per_trade": 2.5384366083743046,
        "breakeven_rt": 6.278436608374307,
        "hold_dir_accuracy": 0.5403696615876553,
        "hold_mean_pnl_net": 0.9063996564523276,
        "hold_mean_pnl_gross": 4.6463996564523296,
        "hold_win_rate_net": 0.517159365277661,
        "frac_directional": 0.5617597203651257,
        "frac_hold": 0.43824027963487433,
        "dir_mean_pnl": 3.81162210789688,
        "hold_mean_pnl": 0.9063996564523276,
        "stage1_accuracy": 0.6006860627620378,
        "stage1_recall": 0.9062367308116922
      },
      {
        "fold": "Fold 3 (holdout)",
        "n_trades": 206862,
        "n_dir_trades": 114088,
        "n_hold_trades": 92774,
        "trade_rate": 0.901280934123388,
        "directional_accuracy": 0.4920762919851343,
        "label0_hit_rate": 0.4484825632547302,
        "inflated_per_dir_trade": 3.5024794895168623,
        "conservative_per_trade": 1.9316785103112208,
        "realized_per_trade": 0.1552900967794935,
        "breakeven_rt": 3.8952900967794957,
        "hold_dir_accuracy": 0.5094856053722213,
        "hold_mean_pnl_net": -3.9608862396792226,
        "hold_mean_pnl_gross": -0.22088623967922047,
        "hold_win_rate_net": 0.4729557850259771,
        "frac_directional": 0.5515174367452698,
        "frac_hold": 0.4484825632547302,
        "dir_mean_pnl": 3.502479489516862,
        "hold_mean_pnl": -3.9608862396792226,
        "stage1_accuracy": 0.563144823980481,
        "stage1_recall": 0.9383703045706154
      }
    ]
  },
  "10_5": {
    "geometry": "10:5",
    "target": 10,
    "stop": 5,
    "realized_wf_expectancy": -1.6463823028271538,
    "realized_wf_expectancy_std": 0.06356906668302831,
    "inflated_wf_expectancy": -0.5134142356850878,
    "conservative_wf_expectancy": -0.35289707909383133,
    "hold_bar_mean_pnl_net": -4.133472128778555,
    "hold_bar_mean_pnl_gross": -0.39347212877855303,
    "hold_bar_directional_accuracy": 0.5118269712239694,
    "hold_bar_mean_fwd_return_ticks": 0.683448161621282,
    "hold_bar_win_rate_gross": 0.4991225042987589,
    "hold_bar_win_rate_net": 0.47210508104889576,
    "hold_bar_fwd_return_distribution": {
      "fwd_return_p10": -62.0,
      "fwd_return_p25": -25.666666666666668,
      "fwd_return_median": 2.6666666666666665,
      "fwd_return_p75": 29.166666666666668,
      "fwd_return_p90": 61.333333333333336
    },
    "hold_bar_pnl_distribution": {
      "p10": -81.865,
      "p25": -38.32333333333333,
      "median": -2.9066666666666667,
      "p75": 30.843333333333334,
      "p90": 72.51
    },
    "pnl_decomposition": {
      "mean_frac_directional": 0.6869944015687081,
      "mean_frac_hold": 0.313005598431292,
      "mean_dir_mean_pnl": -0.5134142356850878,
      "mean_hold_mean_pnl": -4.133472128778555
    },
    "calm_vs_choppy": {
      "calm": {
        "count": 203222,
        "mean_fwd_return_ticks": 0.6796988290469214,
        "mean_pnl_net": -4.1370301335389055,
        "directional_accuracy": 0.5118327376179018
      },
      "choppy": {
        "count": 1205,
        "mean_fwd_return_ticks": 1.0923255989344496,
        "mean_pnl_net": -3.479510819135197,
        "directional_accuracy": 0.5201595716817059
      }
    },
    "directional_accuracy": 0.5054179074301287,
    "trade_rate": 0.9367599476539447,
    "label0_hit_rate": 0.313005598431292,
    "breakeven_rt_cost": 2.0936176971728475,
    "cost_sensitivity": {
      "optimistic": {
        "inflated_mean": 0.7365857643149122,
        "conservative_mean": 0.5058459228670538,
        "realized_mean": -0.3963823028271538,
        "realized_per_fold": [
          -0.33139579327541685,
          -0.48267243986062575,
          -0.3750786753454188
        ]
      },
      "base": {
        "inflated_mean": -0.5134142356850878,