{
  "train_r2": 0.001854804145088873,
  "test_r2": 0.0018135970535523294,
  "epochs_trained": 14,
  "best_val_loss": 0.4532274603843689
}