{
  "train_r2": 0.001232283761864017,
  "test_r2": -0.0015190546048040598,
  "epochs_trained": 26,
  "best_val_loss": 0.42275136709213257
}