{
  "accuracy": 0.4320374370050396,
  "f1_macro": 0.4279649045027551,
  "class_report": {
    "-1": {
      "precision": 0.40250671441360786,
      "recall": 0.46706835653438605,
      "f1-score": 0.4323908443931525,
      "support": 4813.0
    },
    "0": {
      "precision": 0.5387700534759359,
      "recall": 0.5101265822784811,
      "f1-score": 0.5240572171651495,
      "support": 4740.0
    },
    "1": {
      "precision": 0.34975111343987425,
      "recall": 0.3078164629928522,
      "f1-score": 0.3274466519499632,
      "support": 4337.0
    },
    "accuracy": 0.4320374370050396,
    "macro avg": {
      "precision": 0.43034262710980603,
      "recall": 0.42833713393523976,
      "f1-score": 0.4279649045027551,
      "support": 13890.0
    },
    "weighted avg": {
      "precision": 0.43253458955632573,
      "recall": 0.4320374370050396,
      "f1-score": 0.43090456968567614,
      "support": 13890.0
    }
  }
}