{
  "train_r2": 0.0010894902887466085,
  "test_r2": -0.002574982245587165,
  "epochs_trained": 21,
  "best_val_loss": 0.8225993514060974
}