{
  "train_r2": 0.003816243468823699,
  "test_r2": 0.0018289744229120775,
  "epochs_trained": 25,
  "best_val_loss": 0.7898843884468079
}