{
  "accuracy": 0.4796976241900648,
  "f1_macro": 0.431815264132881,
  "class_report": {
    "-1": {
      "precision": 0.3617136659436009,
      "recall": 0.3589881593110872,
      "f1-score": 0.3603457590491626,
      "support": 3716.0
    },
    "0": {
      "precision": 0.6041491449397253,
      "recall": 0.6814229249011857,
      "f1-score": 0.640463630284568,
      "support": 6325.0
    },
    "1": {
      "precision": 0.3321382007822686,
      "recall": 0.26474408937386334,
      "f1-score": 0.2946364030649125,
      "support": 3849.0
    },
    "accuracy": 0.4796976241900648,
    "macro avg": {
      "precision": 0.4326670038885316,
      "recall": 0.43505172452871205,
      "f1-score": 0.431815264132881,
      "support": 13890.0
    },
    "weighted avg": {
      "precision": 0.46391441750908097,
      "recall": 0.4796976241900648,
      "f1-score": 0.46969278744229154,
      "support": 13890.0
    }
  }
}