{
  "train_r2": 0.006299960515304681,
  "test_r2": 0.005864114432327705,
  "epochs_trained": 50,
  "best_val_loss": 0.7800596356391907
}