{
  "train_r2": 0.0006662317209287227,
  "test_r2": -0.0015973686532380071,
  "epochs_trained": 20,
  "best_val_loss": 0.7660388946533203
}