{
  "accuracy": 0.3932325413966883,
  "f1_macro": 0.3821657883659606,
  "class_report": {
    "-1": {
      "precision": 0.37648272305312014,
      "recall": 0.3143841515934539,
      "f1-score": 0.3426425721661582,
      "support": 4644.0
    },
    "0": {
      "precision": 0.4284139234525122,
      "recall": 0.5590955806783144,
      "f1-score": 0.4851079008382379,
      "support": 4865.0
    },
    "1": {
      "precision": 0.34998634998635,
      "recall": 0.2926272540515864,
      "f1-score": 0.31874689209348583,
      "support": 4381.0
    },
    "accuracy": 0.3932325413966883,
    "macro avg": {
      "precision": 0.3849609988306608,
      "recall": 0.38870232877445154,
      "f1-score": 0.3821657883659606,
      "support": 13890.0
    },
    "weighted avg": {
      "precision": 0.3863145934301916,
      "recall": 0.3932325413966883,
      "f1-score": 0.3850044763843936,
      "support": 13890.0
    }
  }
}